id;file_name;file_type;file_path;ms_one_drive_file_path;jsr_oak_repo_file_path;aws_file_path
1;Administrator;microchip hard drive;pink Iceland;mission-critical;Berkshire;modular intermediate payment
2;Rubber Checking Account Car;Brand hardware Handcrafted;Plaza Handcrafted;motivating Clothing;incentivize North Dakota River;Home Loan Account interface dedicated
3;Outdoors Sausages;Practical;Personal Loan Account;capacitor;Electronics quantify Credit Card Account;Aruban Guilder e-commerce
4;incubate;Optimized Views Integration;bus Savings Account;Dominican Peso Technician Sleek;index;Unbranded
5;Unbranded redundant AGP;convergence system Industrial;Polarised New Zealand;Reactive microchip Handcrafted;programming;circuit
6;Computers;red analyzing;Senior;Landing program;Credit Card Account Checking Account;Tactics programming
7;revolutionize Cambridgeshire interactive;maroon Home Loan Account compress;Designer actuating navigate;Dynamic South Carolina;global PCI;Internal deposit neural
8;e-commerce AGP;bus supply-chains;Nigeria Frozen;Practical Fresh Hat regional e-markets;orange;Berkshire Practical Granite Chair
9;yellow real-time interface;withdrawal;Corporate;Hat;digital;payment SMS neural
10;Court virtual Home;Monitored Borders El Salvador;navigate Refined;neural conglomeration Forward;virtual withdrawal syndicate;Integration
