id;student_name;student_middle_name;student_last_name;father_name;father_middle_name;father_last_name;mother_name;mother_middle_name;mother_last_name;student_aadhar_no;student_pan_no;student_social_security_no;student_tax_reference_no;student_bpl_no;student_driving_license_no;student_passport_no;date_of_birth;place_of_birth;religion;caste;sub_caste;age;sex;student_local_address;student_permanent_address;city;state;country;pin_code;student_primary_cell_number;student_alternate_cell_number;student_land_line_phone_number;student_primary_email_id;student_alternate_email_id;relation_with_student;emergency_contact_name;emergency_contact_middle_name;emergency_contact_last_name;emergency_contact_cell_number;emergency_contact_land_line_phone_number;emergency_contact_email_id;student_image_path;admission_no;enrollment_no;roll_no;student_type;father_cell_number;father_email_id;father_occupation;father_office_email_id;father_office_address;father_office_cell_number;father_office_land_line_phone_number;father_aadhar_no;father_pan_no;father_social_security_no;father_tax_reference_no;father_bpl_no;father_driving_license_no;father_passport_no;father_image_path;mother_cell_number;mother_email_id;mother_occupation;mother_office_email_id;mother_office_address;mother_office_cell_number;mother_office_land_line_phone_number;mother_aadhar_no;mother_pan_no;mother_social_security_no;mother_tax_reference_no;mother_bpl_no;mother_driving_license_no;mother_passport_no;mother_image_path;guardian_name;guardian_middle_name;guardian_last_name;guardian_address;guardian_cell_number;guardian_land_line_phone_number;guardian_email_id;guardian_occupation;guardian_office_email_id;guardian_office_address;guardian_office_cell_number;guardian_office_land_line_phone_number;guardian_image_path;is_guardian_sponsor_agency;sponsor_agency_name;sponsor_agency_registration_no;sponsor_agency_address;sponsor_agency_cell_number;sponsor_agency_land_line_number;sponsor_agency_email_id;sponsor_agency_appointee_name;sponsor_agency_appointee_designation;sponsor_agency_appointee_cell_number;sponsor_agency_appointee_land_line_number;sponsor_agency_appointee_email_id;sponsor_agency_appointee_office_address;is_physically_challenged;details_of_disability;disability_certificate_no;disability_certificate_issue_authority;disability_certificate_issue_date;percentag_of_disability;blood_group;vaccination_details;other_medical_details;status;created_by;created_on;updated_by;updated_on;comments;department_id;branch_id;section_id;batch_id;academic_year_id
1;mobile Fish;Home Loan Account Table Computer;Trace;Savings Account alarm;Tasty Metal Bacon;red Chips Soap;Home Loan Account;web-readiness;Namibia;Steel zero administration;Multi-channelled Licensed;grey Cambridgeshire;Canyon HDD;Table Small Frozen Sausages Planner;envisioneer Music Public-key;infomediaries;2020-05-05;Buckinghamshire Games;incentivize Tuna copy;Costa Rica Mayotte;Industrial;84228;Views e-enable Communications;National Awesome sky blue;Tactics;Howellmouth;South Georgia and the South Sandwich Islands;Mongolia;Specialist Home Loan Account;Plastic;Car Industrial deliverables;orange Books;magenta monitor 1080p;Unbranded Plastic Tuna Frozen;generating Highway Ergonomic;moratorium moratorium;New York tangible Mississippi;Frozen bus;hard drive Robust Networked;Poland;Small partnerships;Outdoors;Harbor Montana;Corporate Phased relationships;white Brand Money Market Account;Salad Web virtual;Refined Squares;maroon;EXE projection Fresh;support Gorgeous;withdrawal;copying;ability Hat Iraq;magenta Concrete;User-centric Gloves;Mauritania;facilitate Tasty Concrete Chips Exclusive;Buckinghamshire capability zero tolerance;mission-critical;Berkshire Small Plastic Pants Investor;Canadian Dollar;Berkshire Designer;Credit Card Account;navigate;Re-contextualized;web-enabled invoice withdrawal;bypassing optical;installation;Argentine Peso;Kentucky Algerian Dinar Clothing;open-source turn-key;Sausages;disintermediate Cambridgeshire hacking;bricks-and-clicks Concrete Global;Fiji Dollar Profound Bacon;Macao Equatorial Guinea Vision-oriented;Agent;Human deposit;even-keeled Saint Helena Pound;Internal AI optical;bypassing Marketing;Dynamic Home Loan Account Tools;Branding;Home Gloves Latvia;Ports Manager Fish;Networked;Fish;payment calculating;local area network Benin;tur;Wisconsin;target Human withdrawal;dot-com payment Libyan Dinar;white sensor local;calculate;Chips;Villages uniform PCI;Automotive Tactics architectures;Wisconsin Facilitator Incredible;reinvent;eco-centric Bedfordshire mesh;Configuration UIC-Franc;Erg;Concrete Bedfordshire;portal calculating Metal;real-time discrete redundant;2020-05-04;25620;Personal Loan Account Sleek Beauty;digital deposit;extend Unbranded Fresh Pants Tools;Practical North Dakota;implementation;2020-05-05;Specialist generating;2020-05-04;Assimilated;3883;82260;30326;36019;53708
2;interface;compress lavender Investment Account;backing up;Iran;Philippine Peso Metal;Strategist;card Licensed Cotton Ball;mindshare Gorgeous;Chips;navigating;Som Rustic Frozen Keyboard ROI;Benin;Tuna Response invoice;alarm Jamaica;system Gorgeous Rubber Pants;hack;2020-05-05;Wooden Ergonomic Steel Gloves;Developer Shoes Music;Buckinghamshire Hollow Shoes;withdrawal Generic Frozen Tuna;88668;explicit;Personal Loan Account;Cambridgeshire Norfolk Island;Carsonstad;Web;United States of America;COM;Data North Dakota;North Carolina Granite;Somalia Web revolutionize;invoice teal analyzing;Fantastic;Ergonomic Rubber Chicken;Handcrafted Plastic Shirt quantifying;wireless;hybrid;Solomon Islands Dollar;Personal Loan Account HTTP;schemas Specialist China;quantify multi-byte;interface Cotton Robust;user-centric Infrastructure;Managed Dobra application;Fantastic;Liechtenstein Buckinghamshire monetize;Direct;Small Frozen Salad bypassing;time-frame Quality;Borders Borders Practical;methodical;Pakistan;parse;neural Wooden Optimization;Tasty Rubber Car mindshare EXE;bandwidth Liaison;program Auto Loan Account Refined;infomediaries;Fantastic Fresh Salad;Steel Avon Visionary;exploit transition;User-centric Principal Pennsylvania;repurpose Sleek;mesh system Triple-buffered;Cotton;Advanced grow;Handmade Wooden Cheese Fresh;input Naira;Markets;Glen Refined;Mandatory Assistant;Strategist;Incredible Fresh Car Tuvalu;Senior Optional Yemeni Rial;Central African Republic;magenta heuristic;Credit Card Account Maryland Legacy;Product;Brand Regional Court;B2B Mouse;Junctions one-to-one;analyzing holistic;Architect;Beauty dynamic schemas;Pound Sterling Keyboard;Licensed Usability models;Personal Loan Account markets;SCSI Aruba Chair;dri;Liaison engage navigate;Assistant generating;Practical Steel Shirt Plastic Movies;SMS;Zimbabwe parse Customer;input Accounts;enhance Multi-channelled purple;Response;white SMTP;Checking Account global Steel;Borders Springs connecting;SAS;Pla;engage Granite Grocery;bluetooth payment digital;Rubber Industrial seamless;2020-05-04;63664;Jamaica Unbranded;real-time Berkshire solid state;middleware Switzerland;Data Granite Configuration;compress Practical Steel Chips;2020-05-04;frictionless orchid;2020-05-04;robust;53726;12887;46011;12804;58476
3;enable;deposit Chicken best-of-breed;RSS Buckinghamshire Officer;teal Licensed Wooden Pants;e-business;Awesome;Kiribati;cyan innovative;open architecture alliance;online;Bulgarian Lev Cambridgeshire;Regional;Home;primary quantify Chips;Guyana;Bedfordshire Auto Loan Account back-end;2020-05-04;bypass Games Customer-focused;Bond Markets Units European Composite Unit (EURCO) connecting generate;Refined;back-end enhance;10486;interface;Toys;overriding;West Kaelynland;National;Montenegro;Indian Rupee bluetooth;Club Nebraska;Nevada quantify architectures;empower;customized payment;Grass-roots Cambridgeshire;Personal Loan Account;Music;Pants;Avon;blue scalable Car;bypassing Sleek Steel Shirt Rand Namibia Dollar;Fresh incubate Agent;Jewelery Engineer Bedfordshire;Tanzanian Shilling Assurance Nebraska;Gardens synthesizing;silver;system;Buckinghamshire;Bouvet Island (Bouvetoya);Auto Loan Account asymmetric Montana;Applications;Montenegro;frictionless;Rubber Awesome Frozen Mouse;Trinidad and Tobago Dollar;Customer-focused;Shoes Rubber Mall;users scalable;transmitting parse infrastructures;matrix Implementation Shirt;Mobility;Arizona synthesizing Fresh;override back-end hacking;open-source;payment National;HDD;Tanzanian Shilling Lights;e-enable Plaza intranet;convergence Idaho customized;synthesize Bahrain;Pre-emptive Bouvet Island (Bouvetoya) experiences;Credit Card Account;Belize Dollar Bacon;Investment Account Rwanda Customer;Liaison copy program;hack Electronics Oklahoma;Cambridgeshire navigate Licensed;Fantastic indexing;Investment Account;haptic Shoes;models;driver payment Mexican Peso Mexican Unidad de Inversion (UDI);port Money Market Account;Chips National Idaho;vortals value-added;Salad Connecticut;Generic Advanced;HDD Security Virginia;solid state Clothing deposit;Maine Checking Account markets;Unb;Concrete;Pizza yellow programming;FTP;Persistent Investment Account;Handmade Plastic Mouse neural;Money Market Account;synergize;JSON National;interactive capacitor;Idaho Grocery;Concrete Towels Avon;Automotive frame;Ind;Bedfordshire Strategist;Towels applications;Zimbabwe;2020-05-05;50219;Money Market Account;scale;indigo National;Expressway;Tools Street;2020-05-04;Gorgeous Soft Fish Mountain;2020-05-04;supply-chains target;55964;76535;15524;10298;18192
4;SDD Mobility;didactic Dynamic;schemas Industrial;calculating;withdrawal Toys white;olive;Kids Incredible;Florida THX Idaho;Licensed Visionary pixel;neural Markets Branding;maroon;superstructure;Kids;microchip;Music Salad North Carolina;circuit Forward;2020-05-04;end-to-end navigating;Alaska solution-oriented;best-of-breed generate;applications context-sensitive;94845;transmit Wooden COM;Agent Squares;supply-chains;South Domenickmouth;Philippine Peso incentivize;Cuba;invoice;Liaison Tonga;Lari;Sports Global Soft;Bedfordshire Awesome Cotton Tuna;calculating yellow;Wooden;Future;pixel Phased payment;Towels Internal;seize generate;Fantastic Wooden Chips microchip;Generic;Business-focused generate grid-enabled;International card;West Virginia Keys;Factors Soft;black Beauty;Soap;Refined Granite Sausages Savings Account extensible;Course robust bricks-and-clicks;Buckinghamshire Nepalese Rupee;Forge Licensed;auxiliary;Engineer Toys Fantastic;Licensed;Marketing mobile Cayman Islands Dollar;Computer Uzbekistan;input invoice calculate;Philippine Peso parsing Triple-buffered;deposit Rand Namibia Dollar;Branding;Handcrafted Rubber Sausages;Towels Mississippi Product;Metal;complexity Direct Administrator;online program Refined Granite Gloves;quantifying Baby;one-to-one Connecticut;Unbranded Tugrik;models streamline;projection Maldives;withdrawal alarm Timor-Leste;Personal Loan Account Inverse;Track;Books CSS Holy See (Vatican City State);Data Tasty Steel Pants Licensed Steel Shirt;Manor;Utah zero defect;bypass e-services;Russian Federation program;Practical;emulation SQL;Persevering Gorgeous Steel Salad Associate;Fantastic whiteboard;lavender;neural Cloned Massachusetts;SCSI Communications Underpass;Officer parse;Intuitive;quantifying Phased connecting;Aut;architect;lavender;copying primary invoice;EXE;Personal Loan Account Chile foreground;connect Zimbabwe Dollar;Forward;Pre-emptive Reduced;Kids Customer;Practical AI didactic;Tunnel;Configuration;Jew;Gorgeous ROI implement;Saint Helena Pound;Borders;2020-05-05;96212;Handcrafted;Tasty backing up Cambridgeshire;Borders Internal;open-source Ouguiya;AGP circuit;2020-05-04;SMTP Synchronised Pizza;2020-05-05;next-generation Quality-focused Quality;10583;61861;69899;75271;18922
5;SCSI;RSS Outdoors backing up;copying;reboot;Jewelery;synthesizing Bedfordshire;black;Money Market Account;New York Concrete expedite;Solomon Islands;Wooden radical Beauty;Facilitator 24/365;Sausages bypass;Directives Baht Tasty Plastic Keyboard;bypass hard drive Hollow;Checking Account;2020-05-05;JBOD Technician Architect;deposit Auto Loan Account utilize;Sports;target;81878;Public-key Grocery Ball;Representative partnerships;GB Serbia;Pourosburgh;bypassing;Samoa;Profound Plastic XSS;Chair mindshare Interactions;THX Coordinator;grid-enabled Specialist e-services;program override red;payment efficient RSS;Vietnam Mouse;SDD;Cheese Summit Saint Martin;Auto Loan Account;4th generation;Principal Savings Account online;Music Savings Account;Ethiopian Birr architectures;Networked;Handcrafted Rubber Gloves;South Carolina;website Curve;Circles;disintermediate Walks Credit Card Account;payment;XSS solid state Handmade Granite Fish;Concrete;Planner;Health;Savings Account Rupiah;back up Tactics;Borders;PCI;Sports;24/365;Frozen;magenta Turkish Lira;green Chicken Tasty;Metal Lead;Communications Generic Granite Gloves;Accountability Assurance Auto Loan Account;seamless indexing Handcrafted;Malta Auto Loan Account online;deposit Central African Republic;markets protocol Savings Account;Shoes HDD;utilisation;out-of-the-box Pizza;systems Sleek Wooden Towels Clothing;Fundamental Designer;Borders Intelligent whiteboard;Practical Steel Mouse;indexing;XSS;mindshare navigating Money Market Account;drive Analyst Awesome Fresh Hat;Michigan Clothing;Borders HDD;redundant withdrawal Planner;National;benchmark;invoice program;synthesize;Investor Tuna;redefine;Shi;communities Refined;Pike Borders;payment Rustic;envisioneer Coordinator;SMTP;matrices;Savings Account redefine Multi-channelled;Team-oriented;initiatives;Jordan;Uganda Shilling Cotton;Persevering Personal Loan Account;De-;array payment;optical transmitter;Utah COM;2020-05-05;53990;Computers;Rustic Granite Bike Program Generic Wooden Bike;Sausages Incredible;Borders;Congolese Franc;2020-05-04;Vista UAE Dirham Automotive;2020-05-05;Facilitator Minnesota;25422;51559;52173;48884;34265
6;Burundi Steel Plastic;capacitor;feed;Officer;feed;communities;Officer Quality-focused invoice;Identity Lek Bedfordshire;transmitting COM;Music Data East Caribbean Dollar;Savings Account Branding navigating;payment Incredible deposit;Checking Account utilisation AI;USB primary Iowa;Refined withdrawal copy;Kuwaiti Dinar solid state program;2020-05-04;metrics;embrace intranet deposit;migration;Investment Account Ohio;38041;Jordan Savings Account;deploy Advanced;New Mexico;New Ludiestad;Mill deliver XSS;Macao;Unions Jewelery leading-edge;Shirt Moldova;Kyrgyz Republic;unleash Slovenia;monitor Operations Sports;synergies;deposit Principal Profound;streamline azure Inlet;Rustic;Money Market Account Fiji;system engine haptic Moldova;Generic;interface zero administration networks;Christmas Island;Dong;haptic;card;multi-byte;Universal;supply-chains Licensed connecting;Sleek Rubber Computer Solutions;invoice Cambridgeshire;Secured olive;Shirt next-generation;Legacy efficient Exclusive;definition transmitter navigating;Trinidad and Tobago Dollar Licensed Savings Account;interfaces Mouse;bus;Field Bermuda Chair;deposit;sky blue deposit;benchmark;Sleek Wooden Chips bi-directional;Russian Ruble deploy;Roads feed;Director;bypassing;array Virginia;bypass;Generic;Savings Account monetize one-to-one;extensible Practical Granite Bacon;Turkish Lira;Profit-focused;system-worthy Credit Card Account;Denmark hub collaboration;Tasty Cotton Tuna efficient Producer;Hill Awesome Rubber Computer;Directives payment override;Indonesia;content;back up B2C invoice;Via enhance Cotton;Chair Producer Accounts;Switchable Kyat;Money Market Account;1080p;Rubber connecting back-end;Small Wooden Gloves Expanded viral;Incredible Integration;Bed;Village;XML Sausages;Borders Planner navigating;Cambridgeshire;Granite quantifying;CFA Franc BEAC Syrian Arab Republic;back-end digital secured line;Graphic Interface;Keyboard;Future-proofed Metrics North Carolina;generating Granite FTP;Investment Account Rubber Legacy;Glo;withdrawal;Sleek Steel Hat;Versatile;2020-05-05;54952;Liaison e-markets task-force;ADP attitude-oriented;deposit red Home Loan Account;intuitive streamline;digital Ferry;2020-05-05;Producer Generic Metal Gloves;2020-05-04;Devolved Steel;12138;78269;30327;26538;10104
7;Saudi Riyal;Home Loan Account;Manager open-source;orange Soap;Suriname models;optical;Ports pink;Iraq Buckinghamshire;interface;Supervisor Inverse Granite;Jewelery logistical;Belize Dollar sky blue Savings Account;Sports;Personal Loan Account;primary;Sleek Cotton Computer intermediate withdrawal;2020-05-04;asynchronous Shoes Wooden;customer loyalty alarm Station;Investment Account RSS;mobile Direct;95533;bluetooth;Quality;markets Extended programming;East Stephenmouth;quantifying Borders;Honduras;Points Polarised Senior;Cambridgeshire Computer;Analyst bandwidth Small Steel Computer;alarm Licensed Steel Computer Books;Buckinghamshire facilitate Green;holistic reboot invoice;e-business;Awesome invoice;Gorgeous Cotton Chair Ergonomic Cambridgeshire;regional compress Personal Loan Account;Djibouti Franc Music;Money Market Account;Generic Frozen Hat Camp Principal;back-end;Wall;Investment Account;Legacy Slovenia;deposit Steel;Unbranded Savings Account;seize;Japan maximize;Response;Research;tan TCP invoice;New Taiwan Dollar;SCSI;Universal Egypt invoice;Wall;input Rhode Island Tuna;Gloves;parse user-facing;Handmade Wooden Computer Metal;Licensed Manager Borders;copying;relationships quantify generate;array Delaware;Refined New York PNG;Keyboard Overpass;open-source;circuit Engineer Intelligent;SAS deposit;Saint Barthelemy;generating Savings Account Indian Rupee;haptic Macedonia;synthesizing;Sports back up ivory;navigate Croatian Kuna hack;implementation XML Liaison;deploy payment;SSL Savings Account reintermediate;Clothing Chair;Savings Account;Bacon evolve;Utah Mission;protocol Awesome;Oklahoma;Generic Granite Chicken Auto Loan Account;3rd generation copying;deposit Car;out-of-the-box mobile program;connecting Japan enable;pol;Cloned architect;Auto Loan Account;parse capacitor model;systems;Buckinghamshire Computer;methodologies calculating scale;Intranet mint green;holistic strategic;Netherlands Antillian Guilder;generating neutral;Paradigm solid state;systematic;Syn;turquoise redundant;Applications panel;Small circuit;2020-05-04;90939;1080p Shoes;Bike;Wooden unleash;withdrawal Solutions Gorgeous Steel Car;Computers;2020-05-05;transitional;2020-05-04;Engineer;37120;75939;42888;44973;84478
8;actuating Shoes TCP;Generic Fresh Towels;back-end;deliverables;Unbranded Ameliorated;payment Liaison Vermont;streamline navigating open-source;sensor Strategist;Metal;mint green Kentucky Groves;Communications Director Computer;Fish;ROI;quantifying;Macedonia Executive;AI;2020-05-04;Licensed Metal Towels Namibia;Multi-channelled;Berkshire Keyboard Branding;olive Practical AI;46016;generate actuating;Avon cross-platform Wall;neural;East Eunice;GB;Mali;input;Andorra yellow SMTP;Pizza Enterprise-wide Division;Producer quantify;Bahamas;Hollow;interactive target primary;withdrawal navigating;Licensed web services;mint green;Gorgeous impactful;Indiana withdrawal bluetooth;azure Global;Table Kwacha;Gloves Auto Loan Account customized;client-driven Analyst Rubber;Electronics;Legacy invoice;help-desk;Personal Loan Account Refined RAM;firewall toolset Administrator;Liaison Saint Helena Pound;challenge Agent;systems Keyboard Clothing;Sleek Clothing;Dynamic Fantastic matrix;cutting-edge;programming;Handmade copy;Turnpike quantifying Harbor;Networked transmitting;back-end Bike bandwidth;Ergonomic program platforms;out-of-the-box Extension calculate;e-commerce Louisiana;synthesizing Streets Engineer;Music feed;extranet;Movies Colombian Peso Unidad de Valor Real Pizza;Vision-oriented bypassing;Generic;Vatu Bedfordshire;sticky;Shoes;systems;Interactions SSL transmit;Handcrafted Fresh Ball invoice SMTP;Florida;deploy;Flats AI;Cotton web services;Sleek synergies Practical Soft Chair;Specialist Fresh card;Internal synthesize optical;Strategist;hard drive migration;Falkland Islands (Malvinas) invoice Courts;Bahamian Dollar;Ergonomic Concrete Bike Small Rubber Shoes;secured line;Incredible Focused;qua;matrices visionary Officer;Awesome Streamlined;4th generation interfaces zero tolerance;COM Norfolk Island Gorgeous Fresh Bike;Avon bandwidth;Lead Vatu;Refined Frozen Towels Beauty North Korean Won;support;Springs Rubber;Corporate initiatives;Web Pike;Pakistan Rupee Progressive Avon;Inn;Cambridgeshire withdrawal Response;Shoal Analyst;withdrawal;2020-05-05;89148;Garden;Pines;Corporate;holistic;Highway Manors Savings Account;2020-05-04;Gateway Falls;2020-05-04;Albania TCP;4949;21906;83331;3672;84392
9;encompassing;redundant Hawaii;empower Unbranded Plastic Shirt;Gorgeous Auto Loan Account Granite;XML Utah;Buckinghamshire;Tasty Cotton Keyboard Response Shirt;mindshare metrics;Swedish Krona Phased Guyana Dollar;calculating;Creative driver THX;Handmade Concrete Bacon;Generic Fresh Chicken;Metal;online withdrawal;Rubber;2020-05-04;reboot Fantastic Steel Gloves;reboot bandwidth;Zloty visionary;Checking Account Borders;13887;Rubber Pizza Fish;Soft Global;connecting;Conroyfort;Comoro Franc;Malawi;Meadow;Maryland;Direct;Hawaii web-enabled transmitter;Refined Cotton Chicken navigating;Bulgarian Lev interactive;PNG;Flat cross-platform;Terrace Virginia index;success;Tools seamless;interface;Haiti Bedfordshire Table;Steel Legacy;Marketing value-added;withdrawal deposit;optimize redundant;artificial intelligence Uzbekistan Sum;Guinea overriding;Designer Course;Keyboard Analyst Ameliorated;Borders Liaison evolve;red;synergize Shirt Home;Granite Bedfordshire Fresh;Cotton Identity info-mediaries;e-markets Assistant Western Sahara;mission-critical;Shirt Tools Director;Wallis and Futuna Shoes Malawi;Cheese Streamlined;action-items secured line next generation;Car;cross-platform contextually-based;connecting Guadeloupe Towels;Frozen platforms;indexing maroon;Producer SQL Money Market Account;bluetooth Fall;enable Refined Granite Fish Tunisia;Frozen;Investor array;Track Rustic Soft Cheese;Steel wireless;Trail;Usability;Applications;Executive Buckinghamshire;Borders function Bedfordshire;salmon index;Home Loan Account Central;Oregon SCSI;Knolls networks Auto Loan Account;South Dakota Applications;Executive;TCP;invoice success;Incredible Fresh Ball;Beauty Orchestrator;Mobility;connect;Kwa;withdrawal;transparent cross-platform;program;Data Industrial;olive Assistant Incredible;Books;next-generation payment Rustic Steel Cheese;transmit invoice program;Rial Omani Ergonomic target;Gorgeous infomediaries utilize;forecast;Generic multi-byte;Tak;neural-net Ergonomic Cambridgeshire;Reactive Cape Steel;whiteboard composite Synergistic;2020-05-05;40130;upward-trending Shirt transitional;leverage;overriding Nicaragua;Supervisor;grey systems;2020-05-04;cyan;2020-05-04;RSS Passage;82143;62478;55465;7177;63709
10;Dominican Republic Road Stand-alone;virtual;Nebraska Wooden;synthesize foreground Avon;RAM;Credit Card Account Gorgeous Soft Shirt artificial intelligence;tan;Handmade Plastic Soap circuit Awesome Fresh Shoes;end-to-end;bypass system engine Refined;Concrete Texas;local area network solid state Chief;functionalities seize;Technician Ergonomic Australian Dollar;Maryland Web;feed Games Ball;2020-05-04;deposit Engineer hack;Seychelles Rupee Paradigm attitude-oriented;bluetooth invoice;Fantastic;49857;syndicate ADP Locks;orchid;navigate Movies;Runolfssonville;Somalia applications;Puerto Rico;reintermediate;Row THX indigo;quantify Home enable;deposit monitor utilisation;Fantastic Metal Fish Extensions;Senior 5th generation;Azerbaijanian Manat bypassing;Borders attitude-oriented calculating;Implemented;next-generation Clothing Frozen;Health interface;Tunisia;24/7 sensor;Associate Iceland Syrian Pound;Springs;override;Frozen RAM;Movies navigate;leading-edge Ball synergies;encompassing;firewall Future-proofed withdrawal;Toys monitoring;Virgin Islands, British IB;Toys Internal multi-byte;high-level maroon Gloves;Handmade Concrete Sausages Phased Berkshire;Sleek Metal Car West Virginia Representative;haptic;payment invoice Arkansas;sticky Re-contextualized orchid;Investor;virtual Indiana Frozen;New Zealand Regional Chicken;scalable collaborative;B2B sensor Togo;feed;Canadian Dollar;Health deposit Canyon;web services;Saint Martin;dot-com;Codes specifically reserved for testing purposes Generic upward-trending;connect Malta Table;Awesome Wooden Pizza Manors;Senior;hacking Strategist haptic;enhance invoice Intelligent;Optimization Administrator;Metrics Mayotte black;functionalities Savings Account;orchid;Supervisor;synthesizing;National Quality Markets;Metrics Producer;Pizza Springs;customer loyalty Profit-focused Prairie;Chips Rhode Island program;Checking Account backing up;dynamic Infrastructure Self-enabling;Intelligent Soft Gloves Pizza;tra;Ameliorated grow;deposit Fresh bottom-line;Agent Metrics;Sleek Soft Shoes expedite;Handmade Automotive;Division;executive Auto Loan Account;Innovative New Hampshire killer;overriding Dynamic;Principal Small Cambridgeshire;back up;Industrial;Piz;context-sensitive Group Oklahoma;New Jersey convergence;program;2020-05-05;14381;e-business Chief;Regional deliverables neural;XML Cook Islands;Illinois;empowering;2020-05-04;Electronics deposit robust;2020-05-05;XML Lake Licensed;82674;83582;4764;33219;72674
